comment_id,product,category,stance,evidence,tags,note,kind
p52okmo,The Ordinary’s glycolic acid toner,skincare,recommend,long-term use,specific details,,
p53krkv,sum37 secret multi-pad,skincare,recommend,short-term use,"specific details, alternative for another need",,
p53krkv,IOPE peel pad,skincare,recommend,short-term use,vague,,
p52ztf7,The Ordinary’s glycolic acid toner,skincare,recommend,long-term use,"long-term use, specific details",,
p53j0gi,Glycolic Acid 7% Exfoliating and Brightening Daily Toner,skincare,neutral,no first-hand use,asks about it,,
p56w7ql,Glycolic Acid 7% Exfoliating and Brightening Daily Toner,skincare,recommend,short-term use,specific details,,
p52q6a2,Paula’s Choice,skincare,recommend,short-term use,mentions flaws,,
p53dpvo,PanOxyl,skincare,recommend,no first-hand use,cheaper alternative,,
p53dpvo,Naturium,skincare,recommend,no first-hand use,cheaper alternative,,
p53dpvo,Peach Slices,skincare,recommend,no first-hand use,cheaper alternative,,
p557k4l,Walgreens Paula's Choice dupe,skincare,recommend,short-term use,"compares alternatives, other",enthusiasm,
p55hivg,DG peel pads,skincare,recommend,short-term use,compares alternatives,,
p52cek2,G&amp;G Smooth out (pink one),skincare,recommend,no first-hand use,vague,,
p52cek2,Pharmaceris Mandelic acid 5%,skincare,recommend,no first-hand use,vague,,
p52cek2,Pharmaceris Mandelic acid 10%,skincare,recommend,no first-hand use,vague,,
p52cek2,Theramid Smoothing treatment,skincare,recommend,no first-hand use,vague,,
p52cek2,Skincyclopedia 20% AHA + PHA,skincare,recommend,no first-hand use,vague,,
p52cek2,Skincyclopedia 5% AHA+ PHA,skincare,recommend,no first-hand use,vague,,
p52cek2,NeoStrata Resurface High Potency Cream 18%,skincare,recommend,no first-hand use,vague,,
p52cek2,I.st Brightening Peeling Gel,skincare,recommend,no first-hand use,vague,,
p52y0k3,The ordinary glycolic acid,skincare,recommend,no first-hand use,vague,,
p52y0k3,Paula’s choice glycoli acid,skincare,recommend,no first-hand use,vague,,
p52y0k3,“super smooth” by Maelove,skincare,recommend,short-term use,short-term use,,
p52y0k3,the weekly peeling solution by the ordinary,skincare,recommend,short-term use,short-term use,,
p53n1l7,derma e microdermabrasion scrub,skincare,recommend,short-term use,specific details,,
p53n1l7,the ordinary lactic acid 10% with hyaluronic acid,skincare,recommend,short-term use,specific details,,
p54qm5l,Dr. Gross exfoliating pads,skincare,neutral,no first-hand use,specific details,,
p54qm5l,FAB's exfoliating pads,skincare,recommend,no first-hand use,secondhand,,
p55adgh,The Ordinary Mandelic acid,skincare,recommend,short-term use,vague,,
p58q3wq,Dr Melaxin peel shot,skincare,recommend,no first-hand use,vague,,
p58q3wq,Rosette gommage peeling gel,skincare,recommend,no first-hand use,vague,,
p52vc5m,Soap&amp;Glory Bright Squeeze exfoliating face mask (pouch version),skincare,recommend,long-term use,"long-term use, specific details",,
p55nx9v,20% Glycolic Acid,skincare,recommend,long-term use,"long-term use, specific details",,yes
p56pd3o,the ordinary Mandelic acid,skincare,recommend,short-term use,specific details,,
p56x2hi,DRMTLGY Microdermabrasion Scrub,skincare,recommend,short-term use,specific details,,
p52fgq5,Revision Skincare's Radiance+ Resurfacing Serum,skincare,recommend,short-term use,specific details,,
p52fgq5,PCA Skin Nutrient Toner,skincare,recommend,no first-hand use,"specific details, compares alternatives",,
p52jsv6,Alpha 14% glycolic acid serum,skincare,recommend,short-term use,"specific details, mentions flaws",,
p54r10z,St Ives Green Tea and Bamboo,skincare,recommend,short-term use,specific details,,
p54r10z,Ordinary Glycolic Acid toner,skincare,recommend,short-term use,vague,,
owe9k2j,Sakai Takayuki Kasumitogi White Steel Takohiki Sashimi 240mm,kitchen,warn,no first-hand use,compares alternatives,from link,
owe9k2j,sujihiki,kitchen,recommend,no first-hand use,compares alternatives,,yes
owe71zo,Sakai Takayuki Kasumitogi White Steel Takohiki Sashimi 240mm,kitchen,neutral,no first-hand use,asks about it,from link,
owe71zo,Kanehide Bessaku Stainless Left Handed Sujihiki 270mm,kitchen,neutral,no first-hand use,asks about it,from link,
owe71zo,santoku knife,kitchen,recommend,no first-hand use,alternative for another need,,yes
owe802n,Sakai Takayuki INOX Japanese-style Chef's Usuba(Vegetable) 210mm,kitchen,recommend,no first-hand use,vague,,
owegwmf,chefs-edge sujihiki seido vg10 kurozome nickel damascus sujihiki 270mm persimmon,kitchen,recommend,no first-hand use,"specific details, mentions flaws, compares alternatives",,
oweyxy1,MAC fillet knife,kitchen,recommend,no first-hand use,vague,,
oweyxy1,Global fillet knife,kitchen,recommend,no first-hand use,vague,,
owfgn6u,"Opinel Les Forgés 1890 Professional Fillet Knife 7""",kitchen,recommend,short-term use,"short-term use, vague",,
owfgn6u,Miyabi Santoku,kitchen,recommend,short-term use,vague,,
ownpyug,VG10 steel,kitchen,recommend,no first-hand use,specific details,,yes
owesp30,yaxell hana chefs knife 40832,kitchen,recommend,no first-hand use,"specific details, mentions flaws, compares alternatives",,
