thread_id,comment_id,voice,tags,note,agrees
1vumd3s,p527hsm,,,,
1vumd3s,p52okmo,high,"established member, well upvoted, recent, well-regarded account",,
1vumd3s,p52vyw0,,,,
1vumd3s,p53krkv,high,"established member, expert flair",,
1vumd3s,p55h899,,,,
1vumd3s,p595e56,,,,
1vumd3s,p652ssu,,,,
1vumd3s,p59b0ym,,,,
1vumd3s,p53n0ko,medium,established member,,
1vumd3s,p52ztf7,high,"established member, expert flair",,yes
1vumd3s,p53j0gi,medium,recent,,
1vumd3s,p56w7ql,medium,new account,,
1vumd3s,p52q6a2,medium,"established member, well upvoted",,
1vumd3s,p53dpvo,medium,established member,,
1vumd3s,p557k4l,medium,"established member, enthusiast",,
1vumd3s,p55hivg,medium,recent,,
1vumd3s,p52cek2,medium,"expert flair, salesy language",,
1vumd3s,p52y0k3,high,"established member, expert flair","shows taste, expertise, compares and offers alternatives based on needs",
1vumd3s,p53u76r,high,"expert flair, well upvoted",,
1vumd3s,p53n1l7,high,"established member, expert flair",,
1vumd3s,p54qm5l,medium,"established member, expert flair, well upvoted",,
1vumd3s,p54tqi7,medium,"established member, expert flair",,
1vumd3s,p55adgh,medium,"well upvoted, new account",,
1vumd3s,p58q3wq,medium,"established member, expert flair, well upvoted",,
1vumd3s,p52vc5m,high,"established member, expert flair",,
1vumd3s,p55nx9v,medium,"expert flair, low karma for its activity",,
1vumd3s,p55yvhs,,,,
1vumd3s,p59flrc,,,,
1vumd3s,p56pd3o,medium,other,not very enthusiastic,
1vumd3s,p56x2hi,medium,established member,,
1vumd3s,p52fgq5,medium,"established member, salesy language",,
1vumd3s,p52jsv6,high,"established member, expert flair",,
1vumd3s,p542ry3,,,,
1vumd3s,p5456wt,,,,
1vumd3s,p54r10z,high,"established member, expert flair",,
1ur9shv,owe5yjh,,,,
1ur9shv,owe9k2j,medium,expert flair,,
1ur9shv,owek8pe,,,,
1ur9shv,owe6z2e,,,,
1ur9shv,owe7hn6,,,,
1ur9shv,owek9b7,,,,
1ur9shv,owe71zo,medium,expert flair,,
1ur9shv,oweg8y7,,,,
1ur9shv,owe7mhm,,,,
1ur9shv,owf0mry,,,,
1ur9shv,ower4f3,,,,
1ur9shv,oweh63v,,,,
1ur9shv,owek4mm,,,,
1ur9shv,ower7as,,,,
1ur9shv,oweg52b,,,,
1ur9shv,owereov,,,,
1ur9shv,owe802n,low,"new account, promotes one brand",,
1ur9shv,owefxv6,,,,
1ur9shv,owefwg5,,,,
1ur9shv,owegwmf,high,"established member, expert flair, well-regarded account",,
1ur9shv,oweyxy1,medium,"established member, well upvoted, well-regarded account",,
1ur9shv,owe75le,,,,
1ur9shv,owe7kc6,,,,
1ur9shv,owegfms,,,,
1ur9shv,owfgn6u,medium,"established member, enthusiast",,
1ur9shv,ownpyug,medium,enthusiast,,
1ur9shv,owesp30,high,"established member, expert flair, well-regarded account",,
1tfk6nm,om9y641,,,,
1tfk6nm,oma491x,,,,
1tfk6nm,oma5vxs,,,,
1tfk6nm,omaqtcv,,,,
1tfk6nm,omb0g9y,,,,
1tfk6nm,omb61nj,,,,
1tfk6nm,omanjd5,,,,
1tfk6nm,ombh1an,high,"established member, expert flair, well-regarded account, enthusiast",,
1tfk6nm,omby1bn,high,"established member, expert flair, well-regarded account",,
1tfk6nm,omc0ign,,,,
1tfk6nm,omc3fjb,,,,
1tfk6nm,omgtgp9,,,,
1tfk6nm,oma0xfl,,,,
1tfk6nm,oma61cc,,,,
1tfk6nm,om9zt4y,medium,"well-regarded account, enthusiast",,
1tfk6nm,ombaanc,high,"established member, expert flair, well-regarded account",,yes
1tfk6nm,oma0blu,high,"established member, well-regarded account",,
1tfk6nm,omaa8mc,high,"established member, well-regarded account",,
1tfk6nm,omchbl4,high,"established member, expert flair, well-regarded account, enthusiast",,
1tfk6nm,om9zo0k,,,,
1tfk6nm,oma0ul9,high,"established member, expert flair, well upvoted, well-regarded account",,
1tfk6nm,oman33m,medium,"new account, well-regarded account",,
1tfk6nm,omgdthe,medium,recent,,yes
1tfk6nm,omj21g8,medium,recent,,yes
1tfk6nm,omj4e6q,medium,"new account, well-regarded account",,
1tfk6nm,omj6ryh,medium,"new account, well-regarded account",,
1tfk6nm,om9ztv8,high,"established member, well upvoted",,
1tfk6nm,oma1sml,high,"established member, well upvoted, well-regarded account",,
1tfk6nm,omamxz0,,,,
1tfk6nm,oma36d4,high,"established member, well upvoted",,
1tfk6nm,ovb0f3f,,,,yes
1tfk6nm,oma7k7r,high,"established member, well upvoted, well-regarded account",,
1tfk6nm,ombfe39,,,,yes
1tfk6nm,omi7s6t,medium,"established member, low karma for its activity",,yes
1tfk6nm,oma2nm1,high,"established member, well-regarded account",,
1tfk6nm,oma2r60,medium,"established member, well-regarded account",,
1tfk6nm,omaclem,high,"established member, well-regarded account",,
1tfk6nm,omao5k1,high,"established member, well-regarded account",,
1tfk6nm,omathij,high,"established member, expert flair, well-regarded account, enthusiast",,
1tfk6nm,om9xqsq,high,"established member, well-regarded account, enthusiast",,
1tfk6nm,om9yugm,,,,yes
1tfk6nm,oma3xn9,medium,"established member, well-regarded account",,
1tfk6nm,oma5yko,high,"established member, well-regarded account",,
1tfk6nm,oma7h26,high,"established member, well-regarded account, enthusiast",,
1tfk6nm,omaj6y3,high,"established member, well-regarded account",,
1tfk6nm,omb45pl,medium,recent,,
1tfk6nm,omb8eud,,,,
1tfk6nm,omc6p0u,medium,"established member, low karma for its activity",,
1tfk6nm,omdgu18,high,"established member, well-regarded account",,
